<response><header><resultCode>00</resultCode><resultMsg>NORMAL SERVICE.</resultMsg></header><body><items><item><dutyAddr>경기도 남양주시 오남읍 양지로 47-63</dutyAddr><dutyName>1,2,3약국</dutyName><dutyTel1>031-529-8099</dutyTel1><dutyTime1c>1800</dutyTime1c><dutyTime1s>0900</dutyTime1s><dutyTime2c>1800</dutyTime2c><dutyTime2s>0900</dutyTime2s><dutyTime3c>1800</dutyTime3c><dutyTime3s>0900</dutyTime3s><dutyTime4c>1800</dutyTime4c><dutyTime4s>0900</dutyTime4s><dutyTime5c>1800</dutyTime5c><dutyTime5s>0900</dutyTime5s><hpid>C2100016</hpid><postCdn1>120</postCdn1><postCdn2>48 </postCdn2><rnum>1</rnum><wgs84Lat>37.68266991096422</wgs84Lat><wgs84Lon>127.20334826251477</wgs84Lon></item><item><dutyAddr>경기도 안양시 만안구 안양로 408</dutyAddr><dutyName>100세건강약국</dutyName><dutyTel1>031-465-1320</dutyTel1><dutyTime1c>2000</dutyTime1c><dutyTime1s>0930</dutyTime1s><dutyTime2c>2000</dutyTime2c><dutyTime2s>0930</dutyTime2s><dutyTime3c>2000</dutyTime3c><dutyTime3s>0930</dutyTime3s><dutyTime4c>2000</dutyTime4c><dutyTime4s>0930</dutyTime4s><dutyTime5c>2000</dutyTime5c><dutyTime5s>0930</dutyTime5s><dutyTime6c>2000</dutyTime6c><dutyTime6s>0900</dutyTime6s><hpid>C2104424</hpid><postCdn1>139</postCdn1><postCdn2>89 </postCdn2><rnum>2</rnum><wgs84Lat>37.40715413753811</wgs84Lat><wgs84Lon>126.91483549371</wgs84Lon></item><item><dutyAddr>서울특별시 마포구 도화길 46, 1층 (도화동)</dutyAddr><dutyName>100세약국</dutyName><dutyTel1>02-711-2340</dutyTel1><dutyTime1c>1700</dutyTime1c><dutyTime1s>1000</dutyTime1s><dutyTime2c>1700</dutyTime2c><dutyTime2s>1000</dutyTime2s><dutyTime3c>1700</dutyTime3c><dutyTime3s>1000</dutyTime3s><dutyTime4c>1700</dutyTime4c><dutyTime4s>1000</dutyTime4s><dutyTime5c>1700</dutyTime5c><dutyTime5s>1000</dutyTime5s><hpid>C1104519</hpid><postCdn1>121</postCdn1><postCdn2>812</postCdn2><rnum>3</rnum><wgs84Lat>37.541665389</wgs84Lat><wgs84Lon>126.9507017101</wgs84Lon></item><item><dutyAddr>경기도 수원시 팔달구 경수대로 568</dutyAddr><dutyMapimg>동수원사거리삼성생명옆건물</dutyMapimg><dutyName>100세약국</dutyName><dutyTel1>031-239-4801</dutyTel1><dutyTime1c>1900</dutyTime1c><dutyTime1s>0900</dutyTime1s><dutyTime2c>1900</dutyTime2c><dutyTime2s>0900</dutyTime2s><dutyTime3c>1900</dutyTime3c><dutyTime3s>0900</dutyTime3s><dutyTime4c>1900</dutyTime4c><dutyTime4s>0900</dutyTime4s><dutyTime5c>1900</dutyTime5c><dutyTime5s>0900</dutyTime5s><dutyTime6c>1500</dutyTime6c><dutyTime6s>0900</dutyTime6s><hpid>C2101648</hpid><postCdn1>164</postCdn1><postCdn2>84 </postCdn2><rnum>4</rnum><wgs84Lat>37.27633929395022</wgs84Lat><wgs84Lon>127.03083743566191</wgs84Lon></item><item><dutyAddr>인천광역시 남동구 남동대로 892, 1층일부 (간석동)</dutyAddr><dutyMapimg>간석오거리4번출구와올리브백화점사이</dutyMapimg><dutyName>100세약국</dutyName><dutyTel1>032-427-7585</dutyTel1><dutyTime1c>2100</dutyTime1c><dutyTime1s>0900</dutyTime1s><dutyTime2c>2100</dutyTime2c><dutyTime2s>0900</dutyTime2s><dutyTime3c>2100</dutyTime3c><dutyTime3s>0900</dutyTime3s><dutyTime4c>2100</dutyTime4c><dutyTime4s>0900</dutyTime4s><dutyTime5c>2100</dutyTime5c><dutyTime5s>0900</dutyTime5s><dutyTime6c>1800</dutyTime6c><dutyTime6s>0900</dutyTime6s><dutyTime8c>2100</dutyTime8c><dutyTime8s>0900</dutyTime8s><hpid>C1400477</hpid><postCdn1>215</postCdn1><postCdn2>45 </postCdn2><rnum>5</rnum><wgs84Lat>37.462085665425015</wgs84Lat><wgs84Lon>126.7086477914506</wgs84Lon></item><item><dutyAddr>충청북도 청주시 상당구 상당로 10, 1층 (서운동)</dutyAddr><dutyEtc>-</dutyEtc><dutyName>100세약국</dutyName><dutyTel1>043-223-2627</dutyTel1><dutyTime1c>1830</dutyTime1c><dutyTime1s>0830</dutyTime1s><dutyTime2c>1830</dutyTime2c><dutyTime2s>0830</dutyTime2s><dutyTime3c>1830</dutyTime3c><dutyTime3s>0830</dutyTime3s><dutyTime4c>1830</dutyTime4c><dutyTime4s>0830</dutyTime4s><dutyTime5c>1830</dutyTime5c><dutyTime5s>0830</dutyTime5s><dutyTime6c>1300</dutyTime6c><dutyTime6s>0830</dutyTime6s><dutyTime8c>1300</dutyTime8c><dutyTime8s>0830</dutyTime8s><hpid>C2300100</hpid><postCdn1>287</postCdn1><postCdn2>15 </postCdn2><rnum>6</rnum><wgs84Lat>36.629486336861184</wgs84Lat><wgs84Lon>127.49147819573254</wgs84Lon></item><item><dutyAddr>서울특별시 영등포구 양평로 24, (당산동6가)</dutyAddr><dutyMapimg>당산역6번출구에서직진일산방향버스정류장앞/9호선8번출구앞</dutyMapimg><dutyName>100세약국</dutyName><dutyTel1>02-2678-8217</dutyTel1><dutyTime1c>1800</dutyTime1c><dutyTime1s>1330</dutyTime1s><dutyTime2c>1800</dutyTime2c><dutyTime2s>1330</dutyTime2s><dutyTime3c>1800</dutyTime3c><dutyTime3s>1330</dutyTime3s><dutyTime4c>1800</dutyTime4c><dutyTime4s>1330</dutyTime4s><dutyTime5c>1800</dutyTime5c><dutyTime5s>1330</dutyTime5s><dutyTime6c>1800</dutyTime6c><dutyTime6s>0830</dutyTime6s><hpid>C1104565</hpid><postCdn1>072</postCdn1><postCdn2>23 </postCdn2><rnum>7</rnum><wgs84Lat>37.533266666666670</wgs84Lat><wgs84Lon>126.903727777777775</wgs84Lon></item><item><dutyAddr>서울특별시 광진구 뚝섬로 623, 1층 (자양동, 유일빌딩)</dutyAddr><dutyName>100세약국</dutyName><dutyTel1>02-444-0274</dutyTel1><dutyTime1c>2100</dutyTime1c><dutyTime1s>0900</dutyTime1s><dutyTime2c>2100</dutyTime2c><dutyTime2s>0900</dutyTime2s><dutyTime3c>2100</dutyTime3c><dutyTime3s>0900</dutyTime3s><dutyTime4c>2100</dutyTime4c><dutyTime4s>0900</dutyTime4s><dutyTime5c>2100</dutyTime5c><dutyTime5s>0900</dutyTime5s><dutyTime6c>1500</dutyTime6c><dutyTime6s>0900</dutyTime6s><hpid>C1100772</hpid><postCdn1>050</postCdn1><postCdn2>63 </postCdn2><rnum>8</rnum><wgs84Lat>37.53221221113629</wgs84Lat><wgs84Lon>127.0795501550964</wgs84Lon></item><item><dutyAddr>경기도 화성시 정남면 만년로 540</dutyAddr><dutyMapimg>정남농협옆</dutyMapimg><dutyName>100세약국</dutyName><dutyTel1>031-353-7575</dutyTel1><dutyTime1c>1700</dutyTime1c><dutyTime1s>0900</dutyTime1s><dutyTime2c>1700</dutyTime2c><dutyTime2s>0900</dutyTime2s><dutyTime3c>1700</dutyTime3c><dutyTime3s>0900</dutyTime3s><dutyTime4c>1700</dutyTime4c><dutyTime4s>0900</dutyTime4s><dutyTime5c>1700</dutyTime5c><dutyTime5s>0900</dutyTime5s><dutyTime6c>1730</dutyTime6c><dutyTime6s>0900</dutyTime6s><hpid>C2100791</hpid><postCdn1>185</postCdn1><postCdn2>17 </postCdn2><rnum>9</rnum><wgs84Lat>37.16946363261152</wgs84Lat><wgs84Lon>126.98350647047596</wgs84Lon></item><item><dutyAddr>전라북도 전주시 완산구 선너머4길 6 (중화산동1가) </dutyAddr><dutyName>100세약국</dutyName><dutyTel1>063-231-7577</dutyTel1><dutyTime1c>1900</dutyTime1c><dutyTime1s>0900</dutyTime1s><dutyTime2c>1900</dutyTime2c><dutyTime2s>0900</dutyTime2s><dutyTime3c>1900</dutyTime3c><dutyTime3s>0900</dutyTime3s><dutyTime4c>1900</dutyTime4c><dutyTime4s>0900</dutyTime4s><dutyTime5c>1900</dutyTime5c><dutyTime5s>0900</dutyTime5s><dutyTime6c>1300</dutyTime6c><dutyTime6s>0830</dutyTime6s><hpid>C2501099</hpid><postCdn1>549</postCdn1><postCdn2>87 </postCdn2><rnum>10</rnum><wgs84Lat>35.81376281887677</wgs84Lat><wgs84Lon>127.1326381128843</wgs84Lon></item></items><numOfRows>10</numOfRows><pageNo>1</pageNo><totalCount>23127</totalCount></body></response>